{
	"submeshes" : [
		{
			"vertices" : [
				-20,
				4.4408920985006262e-015,
				-20,
				20,
				4.4408920985006262e-015,
				-20,
				20,
				-4.4408920985006262e-015,
				20,
				-20,
				-4.4408920985006262e-015,
				20,
				-20,
				4.4408920985006262e-015,
				-20,
				20,
				-4.4408920985006262e-015,
				20
			],
			"normals" : [
				0,
				0.99999994039535522,
				2.2204459169014151e-016,
				0,
				0.99999994039535522,
				2.2204459169014151e-016,
				0,
				0.99999994039535522,
				2.2204459169014151e-016,
				0,
				0.99999994039535522,
				2.2204459169014151e-016,
				0,
				0.99999994039535522,
				2.2204459169014151e-016,
				0,
				0.99999994039535522,
				2.2204459169014151e-016
			],
			"uvs" : [
				0,
				1,
				1,
				1,
				1,
				0,
				0,
				0,
				0,
				1,
				1,
				0
			]
		},
		{
			"vertices" : [
				-20,
				20,
				-20,
				20,
				20,
				-20,
				20,
				20,
				20,
				-20,
				20,
				20,
				-20,
				20,
				-20,
				20,
				20,
				20
			],
			"normals" : [
				0,
				0.99999994039535522,
				2.2204459169014151e-016,
				0,
				0.99999994039535522,
				2.2204459169014151e-016,
				0,
				0.99999994039535522,
				2.2204459169014151e-016,
				0,
				0.99999994039535522,
				2.2204459169014151e-016,
				0,
				0.99999994039535522,
				2.2204459169014151e-016,
				0,
				0.99999994039535522,
				2.2204459169014151e-016
			],
			"uvs" : [
				0,
				1,
				1,
				1,
				1,
				0,
				0,
				0,
				0,
				1,
				1,
				0
			]
		}
	]
}