{
	"meshes" : [
		{
			"vertices" : [
				1,
				1,
				-1,
				-1,
				1,
				-1,
				-1,
				-1,
				-1,
				-1,
				-1,
				-1,
				1,
				-1,
				-1,
				1,
				1,
				-1,
				1,
				0.99999899999999997124,
				1,
				0.99999899999999997124,
				-1.0000009999999999177,
				1,
				-1,
				-1,
				1,
				-1,
				-1,
				1,
				-1,
				1,
				1,
				1,
				0.99999899999999997124,
				1,
				1,
				1,
				-1,
				1,
				-1,
				-1,
				0.99999899999999997124,
				-1.0000009999999999177,
				1,
				0.99999899999999997124,
				-1.0000009999999999177,
				1,
				1,
				0.99999899999999997124,
				1,
				1,
				1,
				-1,
				1,
				-1,
				-1,
				-1,
				-1,
				-1,
				-1,
				-1,
				1,
				-1,
				-1,
				1,
				0.99999899999999997124,
				-1.0000009999999999177,
				1,
				1,
				-1,
				-1,
				-1,
				-1,
				-1,
				-1,
				1,
				-1,
				-1,
				1,
				1,
				-1,
				1,
				1,
				-1,
				-1,
				1,
				-1,
				-1,
				-1,
				-1,
				1,
				-1,
				1,
				1,
				-1,
				1,
				0.99999899999999997124,
				1,
				1,
				0.99999899999999997124,
				1,
				-1,
				1,
				1,
				-1,
				1,
				-1
			],
			"normals" : [
				-0.66666685185184570983,
				-0.33333325925920981314,
				0.66666651851850300403,
				0.40824815438106548671,
				-0.81649671701048953665,
				0.40824815438106548671,
				0.66666666666666662966,
				0.33333333333333331483,
				0.66666666666666662966,
				0.66666666666666662966,
				0.33333333333333331483,
				0.66666666666666662966,
				-0.40824818840176063661,
				0.81649658092771748574,
				0.40824839252595684913,
				-0.66666685185184570983,
				-0.33333325925920981314,
				0.66666651851850300403,
				-0.33333351851852005554,
				-0.66666653703701228562,
				-0.66666670370368830145,
				-0.81649658092771737472,
				0.40824839252595684913,
				-0.4082481884017605811,
				0.33333359259263123375,
				0.66666668518512339769,
				-0.66666651851849378918,
				0.33333359259263123375,
				0.66666668518512339769,
				-0.66666651851849378918,
				0.81649651288632740798,
				-0.40824835850525331704,
				-0.40824835850525331704,
				-0.33333351851852005554,
				-0.66666653703701228562,
				-0.66666670370368830145,
				-0.66666685185184570983,
				-0.33333325925920981314,
				0.66666651851850300403,
				-0.40824818840176063661,
				0.81649658092771748574,
				0.40824839252595684913,
				-0.81649658092771737472,
				0.40824839252595684913,
				-0.4082481884017605811,
				-0.81649658092771737472,
				0.40824839252595684913,
				-0.4082481884017605811,
				-0.33333351851852005554,
				-0.66666653703701228562,
				-0.66666670370368830145,
				-0.66666685185184570983,
				-0.33333325925920981314,
				0.66666651851850300403,
				-0.40824818840176063661,
				0.81649658092771748574,
				0.40824839252595684913,
				0.66666666666666662966,
				0.33333333333333331483,
				0.66666666666666662966,
				0.33333359259263123375,
				0.66666668518512339769,
				-0.66666651851849378918,
				0.33333359259263123375,
				0.66666668518512339769,
				-0.66666651851849378918,
				-0.81649658092771737472,
				0.40824839252595684913,
				-0.4082481884017605811,
				-0.40824818840176063661,
				0.81649658092771748574,
				0.40824839252595684913,
				0.66666666666666662966,
				0.33333333333333331483,
				0.66666666666666662966,
				0.40824815438106548671,
				-0.81649671701048953665,
				0.40824815438106548671,
				0.81649651288632740798,
				-0.40824835850525331704,
				-0.40824835850525331704,
				0.81649651288632740798,
				-0.40824835850525331704,
				-0.40824835850525331704,
				0.33333359259263123375,
				0.66666668518512339769,
				-0.66666651851849378918,
				0.66666666666666662966,
				0.33333333333333331483,
				0.66666666666666662966,
				0.40824815438106548671,
				-0.81649671701048953665,
				0.40824815438106548671,
				-0.66666685185184570983,
				-0.33333325925920981314,
				0.66666651851850300403,
				-0.33333351851852005554,
				-0.66666653703701228562,
				-0.66666670370368830145,
				-0.33333351851852005554,
				-0.66666653703701228562,
				-0.66666670370368830145,
				0.81649651288632740798,
				-0.40824835850525331704,
				-0.40824835850525331704,
				0.40824815438106548671,
				-0.81649671701048953665,
				0.40824815438106548671
			],
			"uvs" : [],
			"scale" : {
				"x" : 20,
				"y" : 20,
				"z" : 20
			},
			"translation" : {
				"x" : 0,
				"y" : 0,
				"z" : 0
			},
			"rotation" : {
				"x" : -90.000009334538020767,
				"y" : 0,
				"z" : 0
			},
			"materials" : [],
			"uv_stride" : 2,
			"vertex_stride" : 3,
			"normal_stride" : 3
		}
	]
}